ip_address,reason,added_on
74.204.221.139,Suspicious activity,2024-08-03
20.24.196.20,Suspicious activity,2025-02-25
70.5.65.146,Suspicious activity,2025-03-08
104.35.183.16,Suspicious activity,2024-10-09
100.31.190.241,Suspicious activity,2025-01-23
158.198.249.229,Suspicious activity,2024-12-18
163.34.90.147,Suspicious activity,2025-03-12
188.234.59.186,Suspicious activity,2024-09-14
29.90.73.239,Suspicious activity,2024-07-29
156.22.36.94,Suspicious activity,2025-01-06
87.229.211.140,Suspicious activity,2024-06-19
186.170.79.26,Suspicious activity,2024-09-05
96.158.226.238,Suspicious activity,2024-09-06
169.162.81.196,Suspicious activity,2025-05-04
222.5.120.177,Suspicious activity,2025-03-11
52.96.167.101,Suspicious activity,2025-02-05
106.44.36.182,Suspicious activity,2024-11-20
126.163.135.215,Suspicious activity,2024-06-26
139.45.33.11,Suspicious activity,2024-09-11
69.228.209.107,Suspicious activity,2024-10-29
88.149.18.117,Suspicious activity,2024-09-18
178.93.85.197,Suspicious activity,2025-05-16
177.233.145.51,Suspicious activity,2024-07-13
15.201.126.31,Suspicious activity,2024-09-13
172.62.247.126,Suspicious activity,2024-06-26
180.44.103.255,Suspicious activity,2025-02-13
53.255.53.203,Suspicious activity,2024-06-17
206.94.139.242,Suspicious activity,2024-08-25
22.187.247.150,Suspicious activity,2025-05-19
207.125.201.123,Suspicious activity,2024-12-28
